{
  "best": {
    "metrics_by_nfe": {
      "1": {
        "histogram_jsd": 0.018139278957796785,
        "histogram_tv": 0.12861500000000015,
        "in_support_rate": 0.9864799976348877,
        "mmd_by_bandwidth": [
          0.002083470127339169,
          0.0,
          0.0,
          0.0
        ],
        "mmd_rbf": 0.0005208675318347923,
        "mode_coverage": 8,
        "mode_kl": 0.0001361864355797102,
        "mode_proportions": [
          0.12538000000000002,
          0.12588000000000002,
          0.12348,
          0.12272000000000001,
          0.12168000000000001,
          0.11932000000000001,
          0.12296000000000001,
          0.12506
        ],
        "num_samples": 50000,
        "outside_distance_mean": 0.016710268333554268,
        "outside_distance_p95": 0.05256102979183197,
        "overflow_rate": 0.0,
        "sw2": 0.004620310850441456,
        "within_cell_jsd": 0.002169357336478796
      },
      "2": {
        "histogram_jsd": 0.01299658031664676,
        "histogram_tv": 0.11110750000000016,
        "in_support_rate": 0.9885599613189697,
        "mmd_by_bandwidth": [
          0.0,
          0.0,
          0.0,
          0.0
        ],
        "mmd_rbf": 0.0,
        "mode_coverage": 8,
        "mode_kl": 6.0962994043754336e-05,
        "mode_proportions": [
          0.1242,
          0.12502000000000002,
          0.12456,
          0.12316,
          0.12142000000000001,
          0.12194,
          0.12284,
          0.12542
        ],
        "num_samples": 50000,
        "outside_distance_mean": 0.012774500995874405,
        "outside_distance_p95": 0.046233657747507095,
        "overflow_rate": 0.0,
        "sw2": 0.004374346230179071,
        "within_cell_jsd": 0.0014964179552093416
      },
      "4": {
        "histogram_jsd": 0.012683047463847167,
        "histogram_tv": 0.10946000000000017,
        "in_support_rate": 0.9890599846839905,
        "mmd_by_bandwidth": [
          0.0,
          0.0,
          0.0,
          0.0
        ],
        "mmd_rbf": 0.0,
        "mode_coverage": 8,
        "mode_kl": 7.454643785773053e-05,
        "mode_proportions": [
          0.12380000000000001,
          0.12638000000000002,
          0.12474,
          0.12432000000000001,
          0.12170000000000002,
          0.12202,
          0.12206000000000002,
          0.12404000000000001
        ],
        "num_samples": 50000,
        "outside_distance_mean": 0.0147697813808918,
        "outside_distance_p95": 0.05271604657173157,
        "overflow_rate": 0.0,
        "sw2": 0.004193720407783985,
        "within_cell_jsd": 0.0015174614779221555
      }
    },
    "path": "outputs/lmd/checkpoint_072000.pt",
    "step": 72000
  },
  "full_ranked": [
    {
      "metrics_by_nfe": {
        "1": {
          "histogram_jsd": 0.018139278957796785,
          "histogram_tv": 0.12861500000000015,
          "in_support_rate": 0.9864799976348877,
          "mmd_by_bandwidth": [
            0.002083470127339169,
            0.0,
            0.0,
            0.0
          ],
          "mmd_rbf": 0.0005208675318347923,
          "mode_coverage": 8,
          "mode_kl": 0.0001361864355797102,
          "mode_proportions": [
            0.12538000000000002,
            0.12588000000000002,
            0.12348,
            0.12272000000000001,
            0.12168000000000001,
            0.11932000000000001,
            0.12296000000000001,
            0.12506
          ],
          "num_samples": 50000,
          "outside_distance_mean": 0.016710268333554268,
          "outside_distance_p95": 0.05256102979183197,
          "overflow_rate": 0.0,
          "sw2": 0.004620310850441456,
          "within_cell_jsd": 0.002169357336478796
        },
        "2": {
          "histogram_jsd": 0.01299658031664676,
          "histogram_tv": 0.11110750000000016,
          "in_support_rate": 0.9885599613189697,
          "mmd_by_bandwidth": [
            0.0,
            0.0,
            0.0,
            0.0
          ],
          "mmd_rbf": 0.0,
          "mode_coverage": 8,
          "mode_kl": 6.0962994043754336e-05,
          "mode_proportions": [
            0.1242,
            0.12502000000000002,
            0.12456,
            0.12316,
            0.12142000000000001,
            0.12194,
            0.12284,
            0.12542
          ],
          "num_samples": 50000,
          "outside_distance_mean": 0.012774500995874405,
          "outside_distance_p95": 0.046233657747507095,
          "overflow_rate": 0.0,
          "sw2": 0.004374346230179071,
          "within_cell_jsd": 0.0014964179552093416
        },
        "4": {
          "histogram_jsd": 0.012683047463847167,
          "histogram_tv": 0.10946000000000017,
          "in_support_rate": 0.9890599846839905,
          "mmd_by_bandwidth": [
            0.0,
            0.0,
            0.0,
            0.0
          ],
          "mmd_rbf": 0.0,
          "mode_coverage": 8,
          "mode_kl": 7.454643785773053e-05,
          "mode_proportions": [
            0.12380000000000001,
            0.12638000000000002,
            0.12474,
            0.12432000000000001,
            0.12170000000000002,
            0.12202,
            0.12206000000000002,
            0.12404000000000001
          ],
          "num_samples": 50000,
          "outside_distance_mean": 0.0147697813808918,
          "outside_distance_p95": 0.05271604657173157,
          "overflow_rate": 0.0,
          "sw2": 0.004193720407783985,
          "within_cell_jsd": 0.0015174614779221555
        }
      },
      "path": "outputs/lmd/checkpoint_072000.pt",
      "step": 72000
    },
    {
      "metrics_by_nfe": {
        "1": {
          "histogram_jsd": 0.017892204867235938,
          "histogram_tv": 0.1279300000000002,
          "in_support_rate": 0.986299991607666,
          "mmd_by_bandwidth": [
            0.0024737034369579428,
            0.0,
            0.0,
            0.0
          ],
          "mmd_rbf": 0.0006184258592394857,
          "mode_coverage": 8,
          "mode_kl": 0.00018618888523102336,
          "mode_proportions": [
            0.12560000000000002,
            0.12526,
            0.12276000000000001,
            0.12252,
            0.12216,
            0.1184,
            0.12318000000000001,
            0.12642
          ],
          "num_samples": 50000,
          "outside_distance_mean": 0.016320480033755302,
          "outside_distance_p95": 0.06316156685352325,
          "overflow_rate": 0.0,
          "sw2": 0.004944391082972288,
          "within_cell_jsd": 0.002213351882860389
        },
        "2": {
          "histogram_jsd": 0.012118206196417299,
          "histogram_tv": 0.1100375000000002,
          "in_support_rate": 0.9912199974060059,
          "mmd_by_bandwidth": [
            0.0,
            0.0,
            0.0,
            0.0
          ],
          "mmd_rbf": 0.0,
          "mode_coverage": 8,
          "mode_kl": 7.869441890384198e-05,
          "mode_proportions": [
            0.12424000000000002,
            0.126,
            0.12424000000000002,
            0.12452,
            0.12156000000000002,
            0.12198,
            0.1228,
            0.12588000000000002
          ],
          "num_samples": 50000,
          "outside_distance_mean": 0.01696763187646866,
          "outside_distance_p95": 0.07362969219684601,
          "overflow_rate": 0.0,
          "sw2": 0.004604116082191467,
          "within_cell_jsd": 0.0014995040475144152
        },
        "4": {
          "histogram_jsd": 0.012519735839650497,
          "histogram_tv": 0.10848250000000015,
          "in_support_rate": 0.9891799688339233,
          "mmd_by_bandwidth": [
            0.0,
            0.0,
            0.0,
            0.0
          ],
          "mmd_rbf": 0.0,
          "mode_coverage": 8,
          "mode_kl": 9.695847117493269e-05,